Subject,Tutor_Hours_Util_Pct
CMT,2.671875
CPPA,1.796875
CPFA,1.6442307692307692
CDR,1.4348958333333333
BONENT,1.4267644464285714
RPVI,1.421875
ChFC,1.41015625
CGEIT,1.3984375
MPJE - Maryland,1.2441964285714284
MPJE - Georgia,1.2441964285714284
CTRS,1.176549141025641
ERB CPAA,1.1510416625
BPS,1.1432291666666667
CDCA,1.09375
NASAA,1.0814732142857142
SOA,0.9984939759036144
MPJE - New York,0.9728009166666668
CAIA Level I,0.9633152173913044
MPJE - Illinois,0.9614583333333332
PE - Principles and Practice of Engineering - Civil - Geotechnical,0.9467011984732824
Series 72,0.9427083333333334
C2,0.9338107604166668
CDL,0.9078481643835616
FE - Chemical Engineering,0.8895457905405404
CBCMR,0.8880208333333334
PE - Civil - Transportation,0.8787629931034483
NCHEC,0.8746977265625
ABQAURP,0.8644547283950617
PE - Civil - Water Resources and Environmental,0.8567580484848486
NCTRC,0.8326612903225806
PE - Environmental,0.8306598050847458
CLS,0.8238224619565218
ABPS,0.8236607142857143
ABS,0.8236607142857143
AEA,0.8236607142857143
IBSC,0.8236607142857143
Series 14A  - NYSE DMM Compliance Official Examination,0.8236607142857143
Series 32,0.8236607142857143
Series 39,0.8236607142857143
RICP,0.8236607142857143
NASBA,0.8236607142857143
NRCA,0.8236607142857143
ABONCLE,0.8236607142857143
Series 44  - NYSE Arca Options Market Maker Exam,0.8236607142857143
CBCCT,0.8236607142857143
Series 38,0.8236607142857143
Series 62,0.8236607142857143
SOPD,0.8236607142857143
IBHRE,0.8236607142857143
PS Exam,0.8236607142857143
ABOS,0.8236607142857143
ABOMS,0.8236607142857143
RMSK,0.8236607142857143
Series 12  - NYSE Branch Manager,0.8236607142857143
Series 42,0.8236607142857143
CBNC,0.8236607142857143
IFMA,0.8236607142857143
AAOMS,0.8236607142857143
Series 14,0.8236607142857143
NSAA,0.8236607142857143
Series 37,0.8236607142857143
Series 17,0.8236607142857143
RESNA,0.8236607142857143
NRCME,0.8236607142857143
CLU,0.8236607142857143
ABMGG,0.8236607142857143
AU-S,0.8236607142857143
Series 11,0.821817125
NBCE,0.8191964285714286
AFSP,0.8120265113636363
ARDMS - RDMS - Pediatric Sonogrophy  (PS),0.8108974358974359
ERB CTP,0.8104641628664495
AAPC,0.7998310743243243
FSBPT,0.7986111111111112
AU-M,0.7959558823529411
SAEE,0.7888888814814815
FE - Environmental Engineering,0.7848858608247422
IBEW,0.7775451397849463
NBDE,0.7713068181818182
PE - Principles and Practice of Engineering - Civil - Construction,0.7693185029940119
MPJE - Massachusetts,0.7609374999999999
MPJE - Louisiana,0.7609374999999999
MPJE - South Carolina,0.7609374999999999
MPJE - Michigan,0.7609374999999999
ARDMS - RMSKS - Muscularskeletal Sonogrophy (MSKS),0.7552083333333334
ASHI,0.7517361111111112
Romanian,0.7514124237288136
ERB WrAP,0.7469639798994976
MCAT Critical Analysis and Reasoning Skills,0.74609375
ACRP,0.7428463855421686
Series 65,0.7396673618906942
K12-Substitute-AdvancedCapoeira,0.7374342882882883
IC&RC,0.7373826197183099
ABPM,0.7324652749999999
MTC,0.7310975609756097
NCCAA,0.7298177083333334
CLM,0.7239583333333334
SPPA,0.7230902777777778
NEHA,0.720703125
NBE,0.7137096774193549
Series 6,0.7110880095419847
College Advising,0.7109375
PNCB,0.70833333
NEIEP,0.7065972222222222
CTP,0.703125
CFP,0.7022216967509025
PE - Electrical and Computer - Computer Engineering,0.6992661907894737
ICVA,0.6986301369863014
Series 31,0.6983901363636363
Exam STAM - Short-Term Actuarial Mathematics,0.6965859030837004
ABIM Exam,0.6947879787985866
PTA,0.693359375
NFPA,0.6882715925925926
CAE,0.6875
CMA,0.6836349909502263
KLCP,0.6805555555555556
Accordion,0.6789434464285715
Series 30,0.6788194444444444
Series 23,0.6775568181818182
PE - Civil - Structural,0.6766091043956044
Series 63,0.6754351376451079
API,0.6753144591194968
AFOQT,0.6748637103960397
American Council on Exercise,0.6744541980830671
FOM,0.671875
Accounting (in French),0.6686966647398844
AVA,0.6684027777777778
ARDMS - RDMS - Breast (BR),0.6658653846153846
Series 52,0.6648936170212766
Series 51,0.6644021739130435
Statics and Dynamics (in French),0.6640625
CSRM,0.6618589743589743
CBEST,0.6599650317460317
HWCCP,0.6595798565022422
ABPTS,0.6552083333333333
Series 79,0.655106387978142
ARDMS - RDCS - Pediatric Echocardiography (PE),0.6545138888888888
ARDMS - RDMS - Fetal Echocardiography (FE),0.6545138888888888
Series 66,0.6533505110456553
CPIM,0.6529380288461539
Series 87,0.6513157894736842
NBPME,0.6504629629629629
COTA,0.6486451519607843
ARRT - Breast Sonography,0.648364476635514
Police Officer Exam,0.6477100350318472
SSA,0.6458333333333334
ACSM,0.6451530571428572
Series 56 - Proprietary Trader Qualification Exam,0.6444174660194175
Series 27,0.6425233644859814
VTNE,0.6417410714285714
FACHE,0.640625
ABCOP,0.640625
IAHCSMM,0.640625
ABCGN,0.640625
CBIC,0.640625
SE Exam,0.640625
CCHI,0.640625
CPC,0.6399801571428572
FTCE,0.6382131901489119
Series 47  - Japanese Module of the General Securities Exam,0.637987012987013
Exam LTAM - Long-Term Actuarial Mathematics,0.6371466395759717
OAE,0.6346389648241206
ARDMS - RDCS - Adult Echocardiography (AE),0.6276041597222223
MTEL,0.6255225478547854
ARDMS - RDMS - Obstetrics and Gynecology  (OB/GYN),0.6247559128630705
FCAT 2.0,0.6235234761904762
AIFA,0.6225328881578948
CSET,0.6194238378870675
ANCC - Nursing Case Management Certification (CMGT),0.6191666666666666
ISEE-Upper Level Reading Comprehension,0.6173210631892698
SIE,0.6128580794491526
Series 7  - General Securities Representative Exam (Stockbroker),0.6117592540540541
FRT,0.6102642256097561
PRAXIS Social Studies,0.6096023129310345
TAP,0.6094653121387283
Engineering Economics,0.6092261857142857
ISEE-Middle Level Reading Comprehension,0.6088905214412585
Florida EOC Assessment,0.6088475890603086
PRAXIS Science,0.6070245668508287
AVMA,0.6067518248175182
OAT Quantitative Reasoning ,0.6061496209850107
CST Surgical Tech Exam,0.6027462121212122
OAR,0.60219791
CDR Exam,0.6020833333333333
ASTB,0.6016865059523809
AOA,0.6015625
MPJE - Texas,0.6011384262295082
ACCUPLACER WritePlacer ,0.6007519975913288
IB Social and Cultural Anthropology,0.6007108884462151
Series 86,0.5982669557522124
FE - Fundamentals of Engineering - Other Disciplines,0.5969405789473684
CIC,0.5951704545454546
Series 15  - Foreign Currency Options Exam,0.5949519230769231
Managerial Economics,0.594228716080402
CAHSEE English,0.5941853208955225
FE - Civil Engineering,0.593703243678161
WMCP,0.5919811320754716
RD exam,0.5905032386363636
RICA,0.5901094242424242
Insurance License,0.5868409304761906
Series 82,0.586472602739726
Exam P - Probability,0.5839884999999999
ANCC - Pediatric Nursing Certification (PED),0.5826065813953488
NCSF,0.58203125
ACT Aspire,0.5820129321323838
Series 10,0.5814814801587301
PRAXIS Special Education,0.5813822301101591
Series 57,0.5811111111111111
Series 5  - Interest Rate Options Exams,0.5809659090909091
MPJE - Florida,0.5798192771084337
Exam PA - Predictive Analytics,0.579816012987013
Series 7,0.5782807759506681
CLEP American Literature,0.5772006358164034
Assembly language,0.576979749216301
IB Geography,0.5769702642585551
ISEE-Lower Level Reading Comprehension,0.5767717638410291
AP Comparative Government and Politics,0.5764588321440707
California Proficiency Program (CPP),0.5757033524185587
ASVAB,0.5755645539134056
IB World Religions,0.5753488599577762
IB Further Mathematics,0.5751073496533795
ISSA,0.5750425119047619
Mathematics for College Technology,0.5748414394904459
PRAXIS English,0.5737283765312702
FRM,0.5733173076923077
ARDMS - RVT - Vascular Technologies (VT),0.5709134615384616
Certified Medical Assistant Exam,0.5708905801526718
HSPT,0.569974208652793
CAHSEE,0.5678118509316771
ACCUPLACER ESL - Sentence Meaning,0.5676543762945915
ACCUPLACER ESL,0.5663613169398908
ACCUPLACER Writing,0.5654954226327945
COMPASS Reading,0.5654470107108082
CogAT,0.5652501086036671
Series 16,0.565068493150685
PRAXIS Health/Physical Education,0.5632856335403726
Eleven Plus English,0.5632455103652518
Foundations for College Mathematics,0.5629896055194805
Archaeology,0.5623075149456522
HSPT Language Skills,0.5618255488257108
ISEE- Upper Level,0.5616792425950486
"Sports, Exercise and Health Science",0.5615390169194866
ISEE- Middle Level,0.561087224551874
CAIA Level II,0.5597222222222222
Series 99,0.5596153846153846
SHSAT,0.5570785198094282
Lindamood-Bell,0.5561282402597403
College Level American Literature,0.5561231598448945
PRAXIS Content Math,0.5559728144246354
CIA,0.5557597990196078
CLEP American Government,0.5549882189655172
HSPT Math,0.5548238365152919
Firefighter Exam,0.5542294773869347
PE - Architectural,0.5539772727272727
African History,0.5535836339097427
TESOL,0.553208124877411
DAT Reading Comprehension,0.5529617054054055
Lua,0.5526273333333334
Finite Mathematics,0.5518968373333333
MSNCB,0.5516826923076923
SSAT- Upper Level,0.5511995929765179
ACCUPLACER Reading,0.5505636970319635
PE - Mechanical - HVAC and Refrigeration,0.5500851962025316
ACCUPLACER ESL - Listening,0.5497426938250429
HSPT Verbal,0.5490394026197862
Differential Calculus,0.5486335622317596
Chemical Engineering,0.5481939126963002
COMPASS Writing Skills,0.5479572678132678
PRAXIS Core Reading,0.5477148775671405
HSPT Reading,0.5476851905794856
GRE Analytical Writing,0.5475059497597204
STAAR Grades 3-8,0.5472908811789278
Complex Analysis,0.5469053139931741
SCOR-P,0.546875
Anthropology,0.5468259862322167
ACCUPLACER Sentence Skills,0.5467274920149507
Series 28,0.5462328767123288
PRAXIS Core Writing,0.5460092749537893
ISEE- Lower Level,0.5458623224502819
ISEE-Upper Level Verbal Reasoning,0.5458240374384237
SSAT- Middle Level,0.5457375968516245
Real Analysis,0.5456043539325843
Exam FM - Financial Mathematics,0.5452664452054795
Discrete Structures,0.545073155737705
"PE - Electrical and Computer - Electronics, Controls, and Communications",0.5449350460526317
CCI,0.5448190789473685
ANCC - Nursing Professional Development Certification (NPD),0.5447916666666667
LSAT Reading Comprehension,0.5446889654050857
CLTD,0.5440340909090909
IB Theory of Knowledge,0.5439463691967575
ISEE-Upper Level Quantitative Reasoning,0.5433050519514767
Series 55,0.5430871136363636
ARDMS - Sonography Principals and Instruments (SPI),0.5429347826086957
FINRA,0.5427777777777778
MSS,0.542572463768116
Corporate Finance,0.5424656919431279
TACHS,0.5422115778644909
GED Reasoning Through Language Arts,0.5420363596041056
Algebra Regents,0.5417589439065108
ISEE-Lower Level Verbal Reasoning,0.5414067957888664
OLSAT,0.5411328204301075
IB Mathematics: Applications and Interpretation,0.5408675888387361
ISEE-Middle Level Mathematics Achievement,0.5401755461020211
PRAXIS Counseling,0.5399543333333333
LSAT Argumentative Writing,0.5393903177119228
IB Global Politics,0.5393881154210028
Graph Theory and Combinatorics,0.5390966483762598
ISEE- Primary,0.5389440381823919
WPPSI,0.5387810308008214
ISEE-Middle Level Verbal Reasoning,0.538763590098401
NBDHE,0.5383141724137931
STAAR EOC,0.5381392557077626
GRE Verbal,0.5372058616450603
College Political Science,0.5368269490042246
ACCUPLACER College-Level Math,0.5366182875603033
Competition Math,0.5362673318899643
Quantitative Methods,0.5361428375599726
Mathematica,0.5360919309182814
ISEE-Upper Level Mathematics Achievement,0.5360763261527506
SSAT- Elementary Level,0.5358253895042194
LSAT Logical Reasoning,0.5356478125659979
Logic,0.5355231383482377
FE - Industrial and Systems Engineering,0.5355113636363636
GED Math,0.5351962978415181
CLEP English Literature,0.5350577477236208
GED Social Studies,0.5345287681593335
ARM-P,0.5339912280701754
NCLEX-PN,0.5335209739263804
Business Enterprise,0.5334742849702381
GED Science,0.5331075693522115
Canadian French Language Proficiency,0.532878225850966
MAP,0.5327558217522659
TExES™,0.53248481002331
IB Economics,0.5323998996168583
Business Writing,0.531497447079964
NMLS,0.5307736265243902
Legal Research,0.5302823896583564
College World History,0.5298005257506028
Series 22,0.5288461538461539
CPCE,0.5288292218309859
African-American History,0.5285555476892823
Applied Mathematics,0.5284575359836581
VTLSC,0.5282945124241383
Industrial Engineering,0.5282570204379562
ACCUPLACER,0.5278525020723737
Advertising,0.5277931100513573
Series 24,0.5271112721311475
IB History,0.5270335045018006
GED,0.5266583587572174
Logic Pro Software,0.5266411425554381
AP Italian Language and Culture,0.5261378808567604
NBOME,0.5256901840490797
CSAP/ TCAP,0.5253623173913043
Executive Functioning,0.5244992015485687
CLEP College Composition,0.5238678122905028
PRAXIS,0.5233258220115219
GRE Subject Test in Physics,0.5232346689847011
HSPT Quantitative,0.5213884628335451
Series 9,0.52108333
TEFL,0.5210069987780042
PRAXIS Early Childhood,0.5204800976525821
Composition,0.5200690588235294
Linear Programming,0.5199183981145759
Eleven Plus Verbal Reasoning,0.5197631232876713
ACCUPLACER ESL - Reading Skills,0.5196000821839081
COMPASS,0.518726894836272
Exam SRM - Statistics for Risk Modeling,0.518552495412844
Beatbox,0.5184037138964578
ARDMS - Registered Vascular Technologist (RVT),0.5183080808080808
IB Mathematics: Analysis and Approaches,0.5180619530942654
AP Chinese Language and Culture,0.5178190377272727
PTCE,0.5175669390581717
Orton Gillingham,0.517209560666138
Praxis Audiology,0.5171568627450981
TOPS,0.5168650773809523
Ancient and Medieval Heritage,0.5168118090514568
Multivariable Calculus,0.5164634510517799
ICMA,0.5163230206185567
Science Olympiad,0.5161773539473684
Econometrics,0.5160769984316186
PSAT,0.5158167216217319
Non-Euclidean Geometry,0.5155353982352942
GRE Quantitative,0.514705328209607
High School Political Science,0.5141748973677855
ISEE-Lower Level Quantitative Reasoning,0.5137839947382268
ISEE-Lower Level Mathematics Achievement,0.5132737677469136
ACT Writing,0.5129711316524654
PSAT Reading and Writing,0.512596480907513
College Level American History,0.5124362294264339
PRAXIS Elementary School,0.5122442910076819
Computational Problem Solving,0.5122365376782078
Latin 4,0.5121499371104816
ISEE-Middle Level Quantitative Reasoning,0.5119149265329189
BASIC,0.5114737723076923
CLEP History of the United States II: 1865 to the Present,0.5112725484996511
ACCUPLACER QAS,0.5096931319788833
Latin America History,0.5092093289924606
AIS,0.5091036386554623
Business Calculus,0.5089369088334218
IB Language A: Literature,0.5088932841634738
Biostatistics,0.5087199545900835
NPTE,0.5083128078817734
Women's studies,0.5074852908077995
ARRT - Nuclear Medicine Technology,0.5070312375
GACE,0.5065836926406926
ASPIRE,0.5063570978441128
Six Sigma,0.5060825345211581
Didgeridoo,0.5052083333333334
GRE,0.5051848826548466
CLEP College Mathematics,0.5050465004636785
CNA Certification,0.5050060933572711
Series 4,0.505
ECAA/ERB,0.504928311827957
Chemical and Biomolecular Engineering,0.5048956518010292
EIT,0.5042512395833333
Criminology,0.5042079357175192
NES Biology Exam,0.5039473684210526
OAT Reading Comprehension,0.502724963878327
FE - Electrical and Computer Engineering,0.5027156589147287
CLEP Precalculus,0.5025756882621951
Distributed Computing,0.5021467463235294
Real Estate License - Pennsylvania,0.5020833333333333
British Literature,0.5019835200809015
Data Management,0.5019831936507936
High School Level American Literature,0.5013716642951888
CLEP Humanities,0.5010636088129496
Discrete Math,0.5007911446292257
DAT,0.5004263201438849
Sociology,0.5003842249540442
CLEP Calculus,0.4992917675577707
Art History,0.4992707634763476
Business Statistics,0.4991088287051482
Zoology,0.499068483094025
Human Resources,0.49897344599018
LSAT,0.4988562635104957
ARDMS - RDMS - Abdomen (AB),0.49875
Abstract Algebra,0.4982838042226487
Cardiology,0.4978270570719603
IB Literature and Performance,0.4976905023786869
MBLEX,0.4974537027777778
PRAXIS Core Math,0.497147143955276
EAS,0.4967479658536585
Social Work,0.496574217186832
Grade 12 Data Management,0.4963873573050719
AP Statistics,0.4963263577000069
Adult Literacy,0.4962417161497607
Materials Science,0.4959947016255899
Marine Biology,0.4959194926958831
Managerial Accounting,0.4957907755219307
Photography,0.4957199577266322
Cryptography,0.4955609393258427
IB Language B,0.4953904375
AAI,0.4949723219557195
AP Seminar,0.4947617105864432
OAT,0.4946762461430575
Evidence,0.4944426572528883
PSAT Mathematics,0.4942266325658095
Human Geography,0.4940182061016949
Probability,0.4931982574761748
COMPASS Mathematics,0.4930205376578145
Finance,0.4928380346211741
IB Language A: Language and Literature,0.49267463456909
Environmental Science,0.4926030359497645
Civics,0.4925882513617107
AP Human Geography,0.4917485484037964
AP Research,0.4911125230446928
AP Microeconomics,0.4910850068333333
AU-,0.4908854166666667
Epidemiology,0.4907328609625668
GRE Subject Test in Mathematics,0.4904017423088638
Comparative Literature,0.4899763228243021
Ecology,0.4899169588309239
FE - Mechanical Engineering,0.4898857891986062
Differential Equations,0.4898420649551201
SAFe,0.4895833333333333
Chemistry 2,0.4889701336531871
GATE/ TAG,0.4888334127218935
Hebrew,0.4887550168674699
Personal Finance,0.488681897995992
Mandarin Chinese 2,0.488521774713619
AP French Language and Culture,0.4881664141117177
CLEP Analyzing and Interpreting Literature,0.4881464104401228
GMAT Verbal Reasoning,0.4876631467727674
ACT Reading,0.4870006651078201
Microeconomics,0.4866256662892434
CLEP Social Sciences and History,0.486042600324939
Legal Writing,0.4859836091254753
CLEP Financial Accounting,0.4857797894156559
College Economics,0.4857547685512368
ACT Science,0.4856535059835822
Physics 12,0.4852255109523809
CLEP College Composition Modular,0.4851754315789474
NYSTCE,0.4850752894333844
PANRE,0.4850694416666667
CPA,0.4850587547797173
PHR,0.4849825619469026
ARDMS - Registered Diagnostic Cardiac Sonographer (RDCS),0.4849759615384615
Geology,0.48449016882662
High School Economics,0.4844866523042929
AP Art History,0.4842121889328063
Functions,0.4839512436998854
Math 3,0.4839283490987521
SCAT exam,0.4837262097130242
College Geography,0.4837070711119676
Macroeconomics,0.4834705473587294
World Literature,0.4829748545045045
Greek,0.4826691014072847
Constitutional Law,0.4825307518301611
ACT English,0.4823988472976402
College Statistics,0.4823620673163226
ACT Math,0.4821082041651762
Astronomy,0.48208377385159
Adult Health and Wellness,0.4820258712316968
Cursor,0.4819086271673226
World Civilization,0.4818498448753462
Study Skills And Organization,0.4817285428248412
OAT Physics,0.4816165368567455
CPA AUD,0.481402632
IB Psychology,0.4807139817578773
Vibe Coding,0.4805675666701581
AP U.S. Government & Politics,0.4804051083294699
High School Geography,0.4803901428571428
Cost Analysis,0.4802970305997552
Replit,0.4801423779317696
Organ,0.4798883987341772
IB Extended Essay,0.4797079609130706
Special Education,0.4795963189220074
Critical Analysis and Reasoning Skills,0.4794504931129476
Civil Engineering,0.4793081426710097
Bass Clarinet,0.4792653981042654
DAT Perceptual Ability,0.4785922469135802
ARM-E,0.478476821192053
Quantitative Reasoning,0.4780387705747126
AP Macroeconomics,0.4778676621872766
Financial Accounting,0.4778036543937162
Elementary Statistics,0.477794358014904
Lovable,0.4771524548644338
ACT,0.4771465865666329
High School Level American History,0.475848678531255
Supabase,0.4752794146047733
AP Physics C: Electricity and Magnetism,0.4751701617255163
SHRM-SCP,0.475054822368421
Series 53,0.475
AP German Language and Culture,0.4749789420485175
Bar Exam,0.4747983329694323
Inorganic Chemistry,0.4747872892465981
Eleven Plus Exam,0.4746074764492753
Series 26,0.4744565217391304
Earth Science,0.4743440320792079
CLEP College Algebra,0.474334752688172
CLEP Introductory Psychology,0.4741261632220455
Wilson Reading,0.4739766999454446
Statistics Graduate Level,0.473845768238887
TOEFL,0.4737987677804295
ChatGPT,0.4737741395518975
German 1,0.4735694006928406
Social Studies Substitute,0.4734511576388889
British History,0.4734074464660601
Flute,0.4733603181049069
USMLE Step 3,0.4732142857142857
Criminal Law,0.4729134145454545
Quantum Physics,0.4724247641980917
Life Sciences,0.4722789913778809
MPJE,0.472208010230179
IB Physics,0.472092437516238
Mandarin Chinese 1,0.4720827449789818
CIMA - Chartered Institute of Management Accountants,0.4719498888888889
College Accounting,0.4719108025082341
Calculus 3,0.4716891731740928
IB Environmental Systems and Societies,0.4716279586956521
Family Law,0.4716203053040104
Physics 11,0.4715739793650794
AP Pre-Calculus,0.4713897651943785
CLEP French,0.4712809006134969
SAT Writing and Language,0.4712757200671
Human Development,0.471129181693989
AP Physics 2,0.4707325403869779
DAT Quantitative Reasoning,0.4707187239685658
OTR,0.4703151810154525
Handwriting,0.4702903439770231
General Chemistry 2,0.4696714520123838
Medical Ethics,0.4691609048349961
Electrical Engineering,0.4690346714614499
PANCE,0.4689440962732919
Immunology,0.4688440311368573
Claude,0.4685888155299491
IB Chemistry,0.4685480433889602
Linear Algebra,0.4683618663233634
Quantum Mechanics,0.468169015813253
CPE,0.4678583961864406
Developmental Biology,0.4677166886984903
Reading Comprehension (in French),0.4674321615062761
TEAS,0.4670490360313316
SAT,0.4669567289267149
Academic Coaching,0.4669405772275405
Calculus and Vectors,0.4668230985841636
Evolutionary Biology,0.4667010168640114
Math 1,0.4664615883213013
Administrative Law,0.4663744558441559
AP US History,0.466372486199196
SAT Math,0.4659613579199705
AALAS,0.4659090876623377
Bioinformatics,0.4658324934934935
Adult ESL/ELL,0.4658164805142627
CLEP Spanish,0.4652403547034152
College Algebra,0.4650982881793895
Math 2,0.4650653044221842
Eleven Plus Maths,0.4647794073834197
BCABA,0.4646489448818897
Physical Science,0.4646459556478042
High School World History,0.4645556094737706
AP World History,0.463928833383519
AP Calculus BC,0.4636855363784204
Robotics,0.4636081270380434
Mandarin Chinese 4,0.4629321773049645
ANCC - National Healthcare Disaster Certification (NHDP),0.4627976071428571
Real Estate License,0.4623707919375812
AP European History,0.4623241821862348
European History,0.4620690251245397
Fiction Writing,0.4618329161768464
US Constitutional History,0.4617045087467737
College Math,0.4616156064132231
IB Philosophy,0.4609087290026246
AP Physics C: Mechanics,0.4608494022424667
HESI,0.460687199386503
Histology,0.4606537599653379
High School Government,0.4606243374689826
Enrichment,0.4605026083672283
ANCC - Nurse Executive Certification (NE),0.4603174523809524
ECAA,0.4602521907894736
Series 3,0.4601715686274509
Clinical Psychiatry,0.4598811052631579
COMLEX,0.4597756384615384
World Religions,0.459665907073871
Philosophy,0.4593312510665528
Electromagnetism,0.4592449410400795
Public Speaking,0.459201185452917
Middle School Social Studies,0.4591637272836539
Agricultural Science,0.4590405782918149
CRM,0.4589460735294117
Spelling Bee,0.4588158117346252
Physical Chemistry,0.458682901336074
Newtonian Mechanics,0.4585549117214321
Medieval Literature,0.4579004294917681
Cost Accounting,0.4578890843457133
Grade 12 Chemistry,0.4577202852038672
Statistics,0.4570407780283368
AP Spanish Literature and Culture,0.4570176034736532
AACN,0.4569545177816074
GMAT,0.456856203319502
English Language Arts Substitute,0.4567420088776853
Kindergarten Readiness,0.4564300454948301
Gastroenterology,0.4562110166320166
Conversational Mandarin,0.4556333887915937
SEE - Special Enrollment Exam,0.455368
Arrangement and Composition,0.4549048350125944
Advanced Functions,0.4547305624582499
Grade 12 Physics,0.4546710593175853
Grade 9 Math,0.4543440307786259
Phonics,0.4539712953556865
College Physics,0.4536619471679364
Introduction to Fiction,0.4536406038590273
SPSS Statistic Software,0.4535465913682277
Nuclear Chemistry,0.4532737075812275
College English,0.4531833875147789
AP Studio Art: 3-D Design,0.4528218136835675
ANCC - Cardiac Vascular Nursing Certification (CV),0.4526869158878505
ACE,0.4525316392405063
Audio Engineering,0.4522649059633027
Genetics,0.4521982282538659
Business Analytics,0.4518579036397573
German 2,0.451822779089376
Filmmaking,0.4518142082405345
AP Environmental Science,0.4516605348200312
FAA,0.450830652733119
Mandarin Chinese 3,0.450445812345679
Biotechnology,0.4503314280363831
AP English Language and Composition,0.450266143499775
ESL/ELL,0.4501211006570542
Expository Writing,0.4500927704352441
CLEP Chemistry,0.4499366107038123
Philosophical Ethics,0.4497786433703462
IB Classical Languages,0.4495809653579676
Physics 2,0.4490650206950409
Geometry,0.449058881814389
Plant Biology,0.4490408239277652
French 3,0.4488150780370072
Science Substitute,0.4487907513027002
Classics,0.44844326644555
Middle School Science,0.4483615999747179
Trigonometry,0.4480908517691144
Pathology,0.4479800310366232
Grade 10 Math,0.4473903343431739
Nursing,0.4473567456978967
College Chemistry,0.4468303253057384
Aerospace Engineering,0.4467540208333333
Organic Chemistry,0.4465854871439569
Calculus 2,0.446546343721304
Astrophysics,0.4459166671957672
Grade 11 Math,0.4457402584217813
Technical Writing,0.4448100143662484
Middle School Reading,0.444798862548469
English Grammar and Syntax,0.4447627895456806
Elementary Social Studies,0.4446516618451316
STEAM Innovation,0.4441402347826087
Math Substitute,0.4439523835781112
NCLEX-RN,0.4437947931034483
College Application Essays,0.4437149184805213
Organic Chemistry 2,0.4437094343252179
Property Law,0.4436970497237569
HTML,0.4436563506369426
ANCC - Informatics Nursing Certification (RN),0.4432565789473684
GMAT Quantitative Reasoning,0.4431633008036739
AP Physics 1,0.443124094797058
Middle School Reading Comprehension,0.4427244147338785
AP English Literature and Composition,0.4425944349083024
Latin 2,0.4425750057803468
ARRT - Sonography,0.4423076923076923
Grade 11 Physics,0.4420459561175962
CLEP Principles of Microeconomics,0.4418633215339232
Conversational Spanish,0.4417317912510936
Numerical Analysis,0.4415150485021398
Paleontology,0.4414671342723005
Computer Architecture,0.4412849045412418
French 4,0.4412161839296924
Ethics,0.4410803676229508
College Business,0.4410192381090909
NCLEX,0.4408646292307692
Pre-Algebra,0.4407612410766001
Elementary School Science,0.4405239268567467
Piccolo,0.4404761868131868
Digital Media,0.4403350555401277
MCAT,0.440252598923445
High School English,0.4401317051495229
Analytical Chemistry,0.4398169496268656
French 2,0.4397749707627119
SSH,0.4395491803278688
Spanish 4,0.4393693044819277
NREMT,0.4392361078431372
High School Reading,0.4389777889458113
Computer Programming,0.4389516860657883
ASCP Board of Certification,0.4388020833333333
AP Chemistry,0.4386250867149134
GIAC,0.4386160714285714
High School Science,0.4386090891482493
CSCP,0.4385775862068966
NCE,0.4385279572368421
PC Basic Computer Skills,0.438398207948718
Canadian History,0.4381444965920156
Presentation Skills,0.4378452579747377
Japanese,0.4377063204092623
Elementary School Writing,0.4376962489050508
French 1,0.4376154940691077
Biochemistry,0.4373601081448911
Algebra 2,0.4371400955058638
NAPLEX,0.4368805132382892
IELTS,0.4362555860349127
AP Calculus AB,0.4362032009817542
IB Biology,0.4360527280844156
Middle School English,0.4359006088149231
High School Writing,0.4357725764182896
Cryptocurrency,0.435172214379085
AP Computer Science Principles,0.4350129324021383
Business Ethics,0.4350018254073827
Elementary School English,0.4348499355014877
High School Physics,0.4348291720343839
Latin 3,0.434796044499382
Data Analysis,0.434541088772846
Spanish 1,0.4345073204633204
PE - Electrical and Computer - Power,0.4341673920454545
Certified Reading Intervention,0.434045603511753
Spanish 3,0.434029542632191
Elementary School Reading,0.4337224538301437
Health Care Administration,0.4333980892473118
Conversational Italian,0.4331164107013738
PE - Structural,0.4327586206896551
Chess,0.4325195649458784
Quantum Computing,0.4324199185336049
C#,0.4319065661411926
Video Game Design,0.4318329992101105
IB Film,0.4309937028639618
CLEP Introduction to Educational Psychology,0.4308884598698481
Public Health,0.4308633921308576
MCAT Biological and Biochemical Foundations of Living Systems,0.4306072082139446
Nutrition,0.4305234347294405
Neurobiology,0.4304735754060325
International Business,0.4300594143094842
Algorithms,0.4300015983086681
Contract Law,0.4299088686382393
Middle School Writing,0.4296103788726279
Structural Engineering,0.4294812630890052
Algebra,0.4294345030860921
Conversational French,0.4287465995660559
Elementary School Math,0.4285148503992455
Middle School Math,0.4284827983567831
Puzzles and Brainteasers,0.4284717941415785
Spanish 2,0.4278183424368104
MCAT Chemical and Physical Foundations of Biological Systems,0.427742342291372
Susan Barton,0.4271732451790633
IB French,0.4268440534653465
AP Spanish Language & Culture,0.4265467401119403
CLEP Biology,0.4265375981912145
MATLAB,0.4265145703211517
Pascal,0.4263707926829267
Pre-Calculus,0.4259834502623214
AAMA,0.4258268482490272
ARM,0.4250972762645914
Clinical Psychology,0.4248419140416444
Basic Computer Literacy,0.4247893338643302
German 3,0.4245995536663124
Management,0.4245387601585728
Special & General Relativity,0.4243888995929443
CLEP Introductory Sociology,0.4241002811900192
Supply Chain Management,0.4241002254663422
Psychology,0.4240917684248555
Salesforce,0.4236292192622951
Marketing,0.4235058785343335
USACO,0.4232983494897959
Medical Terminology,0.4232235424281984
Urban Design and Development,0.4231953137254902
CLEP Western Civilization II: 1648 to the Present,0.4230485630461922
PE - Mechanical - Machine Design and Materials,0.4227985815789474
ANCC - Adult-Gerontology Primary Care Nurse Practitioner Certification (AGPCNP),0.4226190396825397
Rapping,0.4223588278688524
AANP,0.4222398682795699
Graphic Design,0.4222142729018102
Microbiology,0.4222069296259843
Linguistics,0.422175197752809
High School Biology,0.4221157657976314
AP Studio Art: Drawing,0.4219604639684106
AP Physics 2: Mechanics,0.421875
Conversational German,0.4215924856413529
PRAXIS Spanish,0.4211479926578561
Theatre,0.4210350399334442
College Biology,0.4209434388996406
Statics,0.4208009024390244
Anatomy & Physiology,0.4207149523575638
Calculus 1,0.4206039101602049
Mechanical Engineering,0.4203999945102075
High School Chemistry,0.4202400041676882
Datamining,0.4198364704081633
RStudio,0.419817012962963
Java,0.4196695660312357
Statics and Dynamics,0.4188546846882399
High School Accounting,0.4187470533390228
High School Business,0.4187285614964925
Special Relativity,0.41867897265625
Creative Writing,0.4181263374510763
American Sign Language,0.4179539481534091
CFA - Level 1,0.4178832062043796
Microsoft Excel,0.4175072643054047
IB Design Technology,0.4170962318611987
Entomology,0.416845136738056
GRE Subject Test in Psychology,0.4166999827734711
Essay Editing,0.4165200628340315
Civil and Environmental Engineering,0.4161894270998414
Dutch,0.4160984727272727
CLEP Human Growth and Development,0.415727478
German 4,0.4153120922063666
Emergency Medicine,0.415222271170314
Scientific Programming ,0.4151858783783784
Concurrency,0.4150666077586206
AP Computer Science A,0.4148421269166821
Portuguese,0.4142734026115343
College Computer Science,0.4137710880858272
Hindi,0.4136350604594921
Oracle Certification,0.4135199583333333
AP Biology,0.4129956306989944
"MCAT Psychological, Social, and Biological Foundations of Behavior",0.4128696742424242
Sculpture,0.4124037036328872
Pharmacology,0.4119016813291139
NASM,0.4118895955414013
ISASP - Iowa Statewide Assessment of Student Progress,0.4115507840236686
Electronics,0.4115355646940822
Yoga,0.4114706139044072
Linux,0.4113405801526717
Microsoft Office,0.4093324462155108
Molecular Genetics,0.4089807526580862
High School Computer Science,0.4088286811656773
Fine Arts,0.4087226628543013
Ruby,0.4080793674242424
Endocrinology,0.408069617721519
Neuroscience,0.4079263294001967
SHRM-CP,0.407801414893617
Economics (in French),0.4075071810344828
TypeScript,0.4074462576791809
LinuC,0.4071691176470588
Biomechanics,0.4071291517476555
Martial Arts,0.4069767325581395
Fluid Mechanics,0.4068044889643463
Coding,0.4064595831381733
Cell Biology,0.4058485451434587
JavaScript,0.405585777911889
Computer Game Design,0.4053497776898734
Certified Wired for Reading,0.4052368134765625
Home Repair,0.4052248603174603
Microeconomics (in French),0.4051359844720497
Health Care Policy,0.4047523042553191
PRAXIS Music,0.4042388514851485
C++,0.4037178931080879
Codeverse,0.4035811803278689
Language Arts (in French),0.4034606810631229
Journalism,0.403430532284319
R Programming,0.4034086726726726
Data Science,0.4028437220254957
Computer Theory,0.4022263121621621
IB Visual Arts,0.4010664480135249
Vietnamese,0.4008241670329671
AP Latin,0.4003469890510949
Biomedical Engineering,0.4003328609022556
Contemporary Architecture,0.4000965212355212
CLEP Western Civilization I: Ancient Near East to 1648,0.3998205145228215
CLEP Natural Sciences,0.3997434333781965
Management Information Systems,0.3995640606617647
ANCC - Ambulatory Care Nursing Certification (AMB),0.399375
Thermodynamics,0.3992859015904573
Drawing,0.3988910868652958
Architecture,0.398554906849315
Virology,0.3983383917004048
Molecular Biology,0.3982762532870255
ARRT - Radiography,0.3976774258373206
CSS,0.3974877954122753
CPA REG,0.3969866867256637
Graduate Level Chemistry,0.39680035271944
College and University Admissions,0.396707356882319
Thermochemistry,0.396449564541213
Poetry,0.3961973878854625
DAT Survey of the Natural Sciences,0.3960937486111111
CPA FAR,0.3959697444608567
Visual Basic,0.3954759898989899
PRAXIS Speech Language Pathology ,0.3954052465753425
Relational Databases,0.3950017280980481
Origami,0.3947524086956522
Python,0.3944705311420496
CLEP Principles of Marketing,0.3944262176870748
Eleven Plus Non-Verbal Reasoning,0.3942448651026393
Photoshop,0.3940540234899329
Theology,0.394009124173028
Tort Law,0.3937712975460123
Mac Basic Computer Skills,0.3934509188882586
LSW - Licensed Social Worker,0.3932048807017543
MOS,0.3931049306930693
EMT,0.3927064382940109
ANCC - Gerontological Nursing Certification (GERO),0.3921777934782608
IB Information Technology in a Global Society,0.3920803371710527
Painting,0.391915141988555
Voice,0.3916368780383795
EPPP,0.390841395280236
PE - Metallurgical and Materials,0.390625
Operating Systems,0.3903892770137525
IB Dance,0.3895360675422138
PHP,0.3890530878274268
Singing,0.3888248751830161
IB Business & Management,0.3887295740393627
Graduate Level Biology,0.3883675358587716
UNITY,0.3883629171597633
IB Computer Science,0.3877900595126523
Piano,0.3857544998878169
Heat Transfer,0.3856684342629481
Latin 1,0.3846921858562244
C,0.3846050273469388
Autodesk Maya,0.3841163944315545
Web Development,0.3841136845437616
CFA - Level 3,0.3837499966666666
USMLE Step 1,0.3836778181102362
Asharp Dot Net,0.3831281527777778
SQL,0.3819762902881537
IB Music,0.3819713417951043
Dance,0.3818270429128739
AP Japanese Language and Culture,0.3815695994318182
Web Design,0.3815449307377049
Data Structures,0.3812232798742138
Machine Learning,0.3802577017629774
Business Statistics (in French),0.3801594346405229
DAT - Canadian Dental Admissions Exam,0.3799412307692307
Music Theory,0.379227507083427
Trumpet,0.3791793221884498
Korean,0.3785458846421126
ARRT - Vascular Sonography,0.3778409090909091
ARRT - Mammography,0.3776430298507462
Calculus 3 (in French),0.3766825203488372
Software,0.3756413065035415
Medical Surgery,0.3754023540772532
AP Music Theory,0.3752623563579277
Kinesiology,0.3742143020477815
Tagalog,0.372948938028169
Quantum Theory,0.3728520221843003
Middle School Math (in French),0.3726163653179191
Elementary School Math (in French),0.3725778963562753
EQAO,0.3718379446640316
Math (in French),0.3714456584205518
Compilers,0.3711099244604317
Civil Procedure,0.3708983079922027
ANCC - Family Nurse Practitioner Certification (FNP),0.370836576
History of Architecture,0.3704743159303882
Viola,0.3698204222222222
Microsoft Word,0.3697839527468305
AP Psychology,0.3694480179034768
Suzuki Method,0.369268734939759
Differential Equations (in French),0.3692522106741573
Social Networking,0.3684699124737945
Animation,0.3676221839729119
CompTIA A+,0.3673114306569343
Arabic,0.3662835571196535
Fluid Dynamics,0.3653484175365344
Trombone,0.3651360489795918
PMP,0.3649914942857142
LMSW - Licensed Master Social Worker,0.3649797754716981
Hyper-V,0.3648538928571428
Mandolin,0.3637295081967213
French Immersion,0.3635325604982206
Intellectual Property Law,0.3634875823927765
Pathophysiology,0.3632450957061562
Cello,0.3630461097560976
Ceramics,0.3614382548179871
Russian,0.3613240259433962
Minecraft,0.3609940361247947
Information Technology,0.3595251531434713
Adobe Illustrator,0.3593851856060606
Violin,0.3588017933491686
Improvisation,0.3584130945945946
Programming VB.NET,0.3580365149253731
AP Studio Art: 2-D Design,0.3574128112927192
Biostatistics (in French),0.3573925696721312
Audition Prep,0.3570223981001727
ANCC - Pain Management Nursing Certification (PMGT),0.356875
High School French,0.3561491808785529
Saxophone,0.3549661331828442
Visual Basic Dot Net,0.353369756830601
String Theory,0.353197367003367
Computer Animation,0.3514292986217457
PAX Exam,0.3511355
Project Management/PMP,0.3510939779735683
Polish,0.3501446117136659
GRE Verbal Reasoning,0.35
CFA - Level 2,0.3499028445595855
Macroeconomics (in French),0.3495221797385621
CPA BEC,0.3494326405990016
French Literature and Composition (in French),0.3493261572700297
GRE Quantitative Reasoning,0.3472222083333333
Statistics (in French),0.3459158222222221
PE - Mechanical - Thermal and Fluid Systems,0.3454198473282442
Engineering Analysis,0.3453579362416107
CLEP Introduction to Business Law,0.344566856772521
USMLE Step 2 CK,0.3438134360535931
Sitar,0.34375
Perl,0.3426523655394525
Navajo,0.34140625
Physics (in French),0.3388118504155124
Computer Networks,0.3386737535145267
Software Engineering,0.3386289661678595
IB Language ab initio,0.3385636501547988
Calculus 1 (in French),0.3372600981481481
Electrical and Computer Engineering,0.3370702777129521
ReactJS,0.3366798564013841
Bass Guitar,0.3364273910891089
College Math (in French),0.3350122815315315
Salesforce Admin,0.3345492324840764
PRAXIS Art,0.3339917875647668
CISM,0.3333333333333333
ARRT - Vascular Interventional Radiography,0.3325892857142857
Autocad,0.3319494271794871
Inorganic Chemistry (in French),0.3310448194444444
Parallel Computing,0.3303900472972973
Cyber Security,0.330047860997547
Artificial Intelligence (AI),0.328878995643756
Viral Content Creation,0.3283747089041096
Scratch,0.3276655615894039
Trigonometry (in French),0.3264381059322034
Vocal Training,0.3261494391575663
Tableau,0.3235735861440291
AWS Certification,0.3234649078947368
ANCC - Medical-Surgical Nursing Certification (MEDSURG),0.3190940321100917
Songwriting,0.3189189937062937
ArcGIS,0.3187879285714285
Pro Tools Software,0.3164764813278008
Microsoft Dynamics 365,0.3158439139784946
Roblox,0.3154586781157997
CAPM,0.3138036170798898
Visual Studio,0.3122767803571428
JScript,0.3117281878612716
Substitute-AllCapoeiraLevels,0.3110955056179775
Biochemistry (in French),0.3102754438902743
Accompaniment,0.3095782418699187
iMovie,0.3092721944091486
Ukulele,0.3076923042735043
Music Recording,0.3071919281914894
Canadian Accounting,0.3065476161616161
Clarinet,0.3043882914893617
CCNA,0.3040361122715405
CompTIA,0.3023670505836576
Pre-Calculus (in French),0.2957461358490566
Ukrainian,0.2953493232323232
MCSE,0.2953431323529412
Percussion,0.2951846939313984
Xylophone,0.2950380290456431
Genetic Engineering,0.2943871683848797
CLEP Principles of Macroeconomics,0.2920880544488712
CEH,0.2919407894736842
CompTIA Security+,0.2911600759878419
Computer Science (in French),0.2876567310344827
OCAJP8,0.2871168563218391
Microsoft Power BI,0.2863399573412698
CLEP Principles of Management,0.2851837232597622
ANCC - Psychiatric-Mental Health Nursing Certification (PMH),0.2847711267605634
CLEP German,0.2845258586206897
Autodesk 3DS Max,0.2834196371308017
Cosmology,0.2819525269286754
Quickbooks,0.2807633263009845
CELPIP,0.2802611694444444
Drum and Percussion,0.2744417156862745
GMAT Data Insights,0.273662549382716
CIMA - Certified Investment Management Analyst,0.2704081530612244
Bassoon,0.2696540849056604
Rhino,0.2692849087837837
Bilingual Vietnamese/English Elementary School,0.2674180273224044
Organic Chemistry (in French),0.2670454525547445
FL Studio,0.2623106025641025
Mobile App Development,0.2622984181286549
Middle School (in French),0.2604499392971246
ANCC - Adult-Gerontology Acute Care Nurse Practitioner Certification (AGACNP),0.2593185517241379
Engineering (in French),0.2572115384615384
Drum,0.2570224691011236
Autodesk Revit,0.2563391876172607
Haskell,0.2551812738095238
Sharepoint,0.254551723756906
Windows 10: Exam 70-698,0.2541429886363636
Magic,0.2539308160377359
SolidWorks,0.25373753820598
Linux Certification,0.2529368546255506
Conducting,0.2514636955503513
Blender,0.2500681931260229
Punjabi,0.25
Printmaking,0.2486062183098591
Prompt Engineering & Agent Orchestration,0.247070296875
Wordpress,0.2460622666666666
Fiddle,0.2429617117117117
Construction,0.2410714243697479
ARRT - Computed Tomography,0.2404618433734939
CRISC,0.2401620277777777
ActionScript,0.2399384375
Autodesk Fusion 360,0.2374699365079365
ARRT - Magnetic Resonance Imaging,0.2335858585858586
DJing,0.2320219847715736
ANCC - Adult-Gerontology Clinical Nurse Specialist Certification (AGCNS),0.2317176836734693
Harmonica,0.2303523008130081
CCNA Cloud,0.2295673076923076
Mechanics (in French),0.2257207430555555
Electromagnetism (in French),0.2257207430555555
ARRT - Radiation Therapy,0.2244318181818181
Cantonese,0.2242228809523809
Chemistry (in French),0.21974407960199
OAT Survey of Natural Sciences,0.2181687554858934
Canadian Bar,0.2176339285714285
Mariachi,0.2159090909090909
CompTIA Network+,0.2158493835376532
Bongo,0.2132201543209876
Biology (in French),0.20748333
AWS Certified Cloud Practitioner,0.2064220137614679
Upright Bass,0.2059729064039409
AWS Certified Developer,0.2033227721518987
Euphonium,0.201712563559322
CCNA Wireless,0.1961805555555555
CCNA Collaboration,0.1961805555555555
CCNA Data Center,0.1961805555555555
CCNA Industrial,0.1961805555555555
Turkish,0.1958955223880597
Geometric Optics (in French),0.1948981927083333
ITIL v3,0.1917475728155339
AP Physics 2: Electricity and Magnetism,0.1875
French Horn,0.1867074239130434
GDC,0.1852678571428571
Finnish,0.1851325681818181
CCNA Service Provider,0.1832386363636363
ARRT - Registered Radiologist Assistant,0.1802325581395348
CISSP,0.1802310467289719
Bugle,0.1800881346153846
CCNA Cyber Ops,0.1790865384615384
Vectorworks,0.1779244239130434
Hand Drums,0.1773927376237624
Canadian Law,0.1769635977011494
CISA,0.171875
Tuba,0.1606800689655172
Bass Trombone,0.160657048076923
CCNA Security,0.1553308823529411
CCNA Routing and Switching,0.1550480769230769
Electrical and Computer Engineering (in French),0.1519097222222222
Sketchup,0.1498397417582417
Ruby on Rails,0.1471354140625
Google PCA,0.1450892857142857
PCAP,0.1438802083333333
Certified ScrumMaster,0.1434335379746835
TurboCAD,0.1428571428571428
Lute,0.140625
ANCC - Psychiatric-Mental Health Nurse Practitioner (Across the Lifespan) Certification (PMHNP),0.1385869565217391
AWS Certified Solutions Architect,0.1380208303571428
"ANCC - Nurse Executive, Advanced Certification (NEA)",0.1314655172413793
Electrical Engineering (in French),0.1294642857142857
Alibaba Cloud,0.1294642857142857
CCENT,0.1258223684210526
CWNA,0.125
CITP,0.125
CWNP,0.125
Banjo,0.1197916666666666
Marimba,0.1181271443298969
CCNP,0.1171875
PCPP,0.1150568181818181
CCIE,0.1128472222222222
CCA-N,0.109375
ADAT,0.109375
Steel Drums,0.1080729166666666
Conga Drums,0.1078997976878612
Czech,0.1051136363636363
AutoCAD Mechanical,0.1024305555555555
Bagpipes,0.1004464285714285
ITCP,0.0963541666666666
ACiT,0.0959821428571428
IBM Certification,0.0959821428571428
ACMT,0.0959821428571428
,0.09375
AWS Certified SysOps Administrator,0.0931712916666666
Harp,0.0866477272727272
CCDA,0.0850694444444444
ACP,0.084375
MCSD,0.084375
Huawei ICT,0.084375
HydroCAD,0.084375
ARRT - Cardiac Interventional Radiography,0.084375
ARRT - Bone Densitometry,0.084375
PCCSA,0.084375
CCE-N,0.084375
CCP-V,0.084375
PCNSE,0.084375
Somali,0.084375
PCNSA,0.084375
Archicad,0.084375
ACA,0.084375
CCA-V,0.084375
RHCSA,0.0796875
Hungarian,0.0792824027777777
WCET,0.078125
Thai,0.068313953488372
